Series_Title,Released_Year,Runtime,Genre,IMDB_Rating,Meta_score,Director
The Shawshank Redemption,1994,142 min,Drama,9.3,80,Frank Darabont
The Godfather,1972,175 min,"Crime, Drama",9.2,100,Francis Ford Coppola
The Dark Knight,2008,152 min,"Action, Crime, Drama",9,84,Christopher Nolan
The Godfather: Part II,1974,202 min,"Crime, Drama",9,90,Francis Ford Coppola
12 Angry Men,1957,96 min,"Crime, Drama",9,96,Sidney Lumet
The Lord of the Rings: The Return of the King,2003,201 min,"Action, Adventure, Drama",8.9,94,Peter Jackson
Pulp Fiction,1994,154 min,"Crime, Drama",8.9,94,Quentin Tarantino
Schindler's List,1993,195 min,"Biography, Drama, History",8.9,94,Steven Spielberg
Inception,2010,148 min,"Action, Adventure, Sci-Fi",8.8,74,Christopher Nolan
Fight Club,1999,139 min,Drama,8.8,66,David Fincher
The Lord of the Rings: The Fellowship of the Ring,2001,178 min,"Action, Adventure, Drama",8.8,92,Peter Jackson
Forrest Gump,1994,142 min,"Drama, Romance",8.8,82,Robert Zemeckis
"Il buono, il brutto, il cattivo",1966,161 min,Western,8.8,90,Sergio Leone
The Lord of the Rings: The Two Towers,2002,179 min,"Action, Adventure, Drama",8.7,87,Peter Jackson
The Matrix,1999,136 min,"Action, Sci-Fi",8.7,73,Lana Wachowski
Goodfellas,1990,146 min,"Biography, Crime, Drama",8.7,90,Martin Scorsese
Star Wars: Episode V - The Empire Strikes Back,1980,124 min,"Action, Adventure, Fantasy",8.7,82,Irvin Kershner
One Flew Over the Cuckoo's Nest,1975,133 min,Drama,8.7,83,Milos Forman
Hamilton,2020,160 min,"Biography, Drama, History",8.6,90,Thomas Kail
Gisaengchung,2019,132 min,"Comedy, Drama, Thriller",8.6,96,Bong Joon Ho
Soorarai Pottru,2020,153 min,Drama,8.6,,Sudha Kongara
Interstellar,2014,169 min,"Adventure, Drama, Sci-Fi",8.6,74,Christopher Nolan
Cidade de Deus,2002,130 min,"Crime, Drama",8.6,79,Fernando Meirelles
Sen to Chihiro no kamikakushi,2001,125 min,"Animation, Adventure, Family",8.6,96,Hayao Miyazaki
Saving Private Ryan,1998,169 min,"Drama, War",8.6,91,Steven Spielberg
The Green Mile,1999,189 min,"Crime, Drama, Fantasy",8.6,61,Frank Darabont
La vita e bella,1997,116 min,"Comedy, Drama, Romance",8.6,59,Roberto Benigni
Se7en,1995,127 min,"Crime, Drama, Mystery",8.6,65,David Fincher
The Silence of the Lambs,1991,118 min,"Crime, Drama, Thriller",8.6,85,Jonathan Demme
Star Wars,1977,121 min,"Action, Adventure, Fantasy",8.6,90,George Lucas
Seppuku,1962,133 min,"Action, Drama, Mystery",8.6,85,Masaki Kobayashi
Shichinin no samurai,1954,207 min,"Action, Adventure, Drama",8.6,98,Akira Kurosawa
It's a Wonderful Life,1946,130 min,"Drama, Family, Fantasy",8.6,89,Frank Capra
Joker,2019,122 min,"Crime, Drama, Thriller",8.5,59,Todd Phillips
Whiplash,2014,106 min,"Drama, Music",8.5,88,Damien Chazelle
The Intouchables,2011,112 min,"Biography, Comedy, Drama",8.5,57,Olivier Nakache
The Prestige,2006,130 min,"Drama, Mystery, Sci-Fi",8.5,66,Christopher Nolan
The Departed,2006,151 min,"Crime, Drama, Thriller",8.5,85,Martin Scorsese
The Pianist,2002,150 min,"Biography, Drama, Music",8.5,85,Roman Polanski
Gladiator,2000,155 min,"Action, Adventure, Drama",8.5,67,Ridley Scott
American History X,1998,119 min,Drama,8.5,62,Tony Kaye
The Usual Suspects,1995,106 min,"Crime, Mystery, Thriller",8.5,77,Bryan Singer
Leon,1994,110 min,"Action, Crime, Drama",8.5,64,Luc Besson
The Lion King,1994,88 min,"Animation, Adventure, Drama",8.5,88,Roger Allers
Terminator 2: Judgment Day,1991,137 min,"Action, Sci-Fi",8.5,75,James Cameron
Nuovo Cinema Paradiso,1988,155 min,"Drama, Romance",8.5,80,Giuseppe Tornatore
Hotaru no haka,1988,89 min,"Animation, Drama, War",8.5,94,Isao Takahata
Back to the Future,1985,116 min,"Adventure, Comedy, Sci-Fi",8.5,87,Robert Zemeckis
Once Upon a Time in the West,1968,165 min,Western,8.5,80,Sergio Leone
Psycho,1960,109 min,"Horror, Mystery, Thriller",8.5,97,Alfred Hitchcock
Casablanca,1942,102 min,"Drama, Romance, War",8.5,100,Michael Curtiz
Modern Times,1936,87 min,"Comedy, Drama, Family",8.5,96,Charles Chaplin
City Lights,1931,87 min,"Comedy, Drama, Romance",8.5,99,Charles Chaplin
Capharnaum,2018,126 min,Drama,8.4,75,Nadine Labaki
Ayla: The Daughter of War,2017,125 min,"Biography, Drama, History",8.4,,Can Ulkay
Vikram Vedha,2017,147 min,"Action, Crime, Drama",8.4,,Gayatri
Kimi no na wa.,2016,106 min,"Animation, Drama, Fantasy",8.4,79,Makoto Shinkai
Dangal,2016,161 min,"Action, Biography, Drama",8.4,,Nitesh Tiwari
Spider-Man: Into the Spider-Verse,2018,117 min,"Animation, Action, Adventure",8.4,87,Bob Persichetti
Avengers: Endgame,2019,181 min,"Action, Adventure, Drama",8.4,78,Anthony Russo
Avengers: Infinity War,2018,149 min,"Action, Adventure, Sci-Fi",8.4,68,Anthony Russo
Coco,2017,105 min,"Animation, Adventure, Family",8.4,81,Lee Unkrich
Django Unchained,2012,165 min,"Drama, Western",8.4,81,Quentin Tarantino
The Dark Knight Rises,2012,164 min,"Action, Adventure",8.4,78,Christopher Nolan
3 Idiots,2009,170 min,"Comedy, Drama",8.4,67,Rajkumar Hirani
Taare Zameen Par,2007,165 min,"Drama, Family",8.4,,Aamir Khan
WALL-E,2008,98 min,"Animation, Adventure, Family",8.4,95,Andrew Stanton
The Lives of Others,2006,137 min,"Drama, Mystery, Thriller",8.4,89,Florian Henckel von Donnersmarck
Oldeuboi,2003,101 min,"Action, Drama, Mystery",8.4,77,Chan-wook Park
Memento,2000,113 min,"Mystery, Thriller",8.4,80,Christopher Nolan
Mononoke-hime,1997,134 min,"Animation, Action, Adventure",8.4,76,Hayao Miyazaki
Once Upon a Time in America,1984,229 min,"Crime, Drama",8.4,,Sergio Leone
Raiders of the Lost Ark,1981,115 min,"Action, Adventure",8.4,85,Steven Spielberg
The Shining,1980,146 min,"Drama, Horror",8.4,66,Stanley Kubrick
Apocalypse Now,1979,147 min,"Drama, Mystery, War",8.4,94,Francis Ford Coppola
Alien,1979,117 min,"Horror, Sci-Fi",8.4,89,Ridley Scott
Anand,1971,122 min,"Drama, Musical",8.4,,Hrishikesh Mukherjee
Tengoku to jigoku,1963,143 min,"Crime, Drama, Mystery",8.4,,Akira Kurosawa
Dr. Strangelove or: How I Learned to Stop Worrying and Love the Bomb,1964,95 min,Comedy,8.4,97,Stanley Kubrick
Witness for the Prosecution,1957,116 min,"Crime, Drama, Mystery",8.4,,Billy Wilder
Paths of Glory,1957,88 min,"Drama, War",8.4,90,Stanley Kubrick
Rear Window,1954,112 min,"Mystery, Thriller",8.4,100,Alfred Hitchcock
Sunset Blvd.,1950,110 min,"Drama, Film-Noir",8.4,,Billy Wilder
The Great Dictator,1940,125 min,"Comedy, Drama, War",8.4,,Charles Chaplin
1917,2019,119 min,"Drama, Thriller, War",8.3,78,Sam Mendes
Tumbbad,2018,104 min,"Drama, Fantasy, Horror",8.3,,Rahi Anil Barve
Andhadhun,2018,139 min,"Crime, Drama, Music",8.3,,Sriram Raghavan
Drishyam,2013,160 min,"Crime, Drama, Thriller",8.3,,Jeethu Joseph
Jagten,2012,115 min,Drama,8.3,77,Thomas Vinterberg
Jodaeiye Nader az Simin,2011,123 min,Drama,8.3,95,Asghar Farhadi
Incendies,2010,131 min,"Drama, Mystery, War",8.3,80,Denis Villeneuve
Miracle in cell NO.7,2019,132 min,Drama,8.3,,Mehmet Ada Oztekin
Babam ve Oglum,2005,112 min,"Drama, Family",8.3,,Cagan Irmak
Inglourious Basterds,2009,153 min,"Adventure, Drama, War",8.3,69,Quentin Tarantino
Eternal Sunshine of the Spotless Mind,2004,108 min,"Drama, Romance, Sci-Fi",8.3,89,Michel Gondry
Amelie,2001,122 min,"Comedy, Romance",8.3,69,Jean-Pierre Jeunet
Snatch,2000,104 min,"Comedy, Crime",8.3,55,Guy Ritchie
Requiem for a Dream,2000,102 min,Drama,8.3,68,Darren Aronofsky
American Beauty,1999,122 min,Drama,8.3,84,Sam Mendes
Good Will Hunting,1997,126 min,"Drama, Romance",8.3,70,Gus Van Sant
Bacheha-Ye aseman,1997,89 min,"Drama, Family, Sport",8.3,77,Majid Majidi
Toy Story,1995,81 min,"Animation, Adventure, Comedy",8.3,95,John Lasseter
Braveheart,1995,178 min,"Biography, Drama, History",8.3,68,Mel Gibson
Reservoir Dogs,1992,99 min,"Crime, Drama, Thriller",8.3,79,Quentin Tarantino
Full Metal Jacket,1987,116 min,"Drama, War",8.3,76,Stanley Kubrick
Idi i smotri,1985,142 min,"Drama, Thriller, War",8.3,,Elem Klimov
Aliens,1986,137 min,"Action, Adventure, Sci-Fi",8.3,84,James Cameron
Amadeus,1984,160 min,"Biography, Drama, History",8.3,88,Milos Forman
Scarface,1983,170 min,"Crime, Drama",8.3,65,Brian De Palma
Star Wars: Episode VI - Return of the Jedi,1983,131 min,"Action, Adventure, Fantasy",8.3,58,Richard Marquand
Das Boot,1981,149 min,"Adventure, Drama, Thriller",8.3,86,Wolfgang Petersen
Taxi Driver,1976,114 min,"Crime, Drama",8.3,94,Martin Scorsese
The Sting,1973,129 min,"Comedy, Crime, Drama",8.3,83,George Roy Hill
A Clockwork Orange,1971,136 min,"Crime, Drama, Sci-Fi",8.3,77,Stanley Kubrick
2001: A Space Odyssey,1968,149 min,"Adventure, Sci-Fi",8.3,84,Stanley Kubrick
Per qualche dollaro in piu,1965,132 min,Western,8.3,74,Sergio Leone
Lawrence of Arabia,1962,228 min,"Adventure, Biography, Drama",8.3,100,David Lean
The Apartment,1960,125 min,"Comedy, Drama, Romance",8.3,94,Billy Wilder
North by Northwest,1959,136 min,"Adventure, Mystery, Thriller",8.3,98,Alfred Hitchcock
Vertigo,1958,128 min,"Mystery, Romance, Thriller",8.3,100,Alfred Hitchcock
Singin' in the Rain,1952,103 min,"Comedy, Musical, Romance",8.3,99,Stanley Donen
Ikiru,1952,143 min,Drama,8.3,,Akira Kurosawa
Ladri di biciclette,1948,89 min,Drama,8.3,,Vittorio De Sica
Double Indemnity,1944,107 min,"Crime, Drama, Film-Noir",8.3,95,Billy Wilder
Citizen Kane,1941,119 min,"Drama, Mystery",8.3,100,Orson Welles
M - Eine Stadt sucht einen Morder,1931,117 min,"Crime, Mystery, Thriller",8.3,,Fritz Lang
Metropolis,1927,153 min,"Drama, Sci-Fi",8.3,98,Fritz Lang
The Kid,1921,68 min,"Comedy, Drama, Family",8.3,,Charles Chaplin
Chhichhore,2019,143 min,"Comedy, Drama",8.2,,Nitesh Tiwari
Uri: The Surgical Strike,2018,138 min,"Action, Drama, War",8.2,,Aditya Dhar
K.G.F: Chapter 1,2018,156 min,"Action, Drama",8.2,,Prashanth Neel
Green Book,2018,130 min,"Biography, Comedy, Drama",8.2,69,Peter Farrelly
"Three Billboards Outside Ebbing, Missouri",2017,115 min,"Comedy, Crime, Drama",8.2,88,Martin McDonagh
Talvar,2015,132 min,"Crime, Drama, Mystery",8.2,,Meghna Gulzar
Baahubali 2: The Conclusion,2017,167 min,"Action, Drama",8.2,,S.S. Rajamouli
Klaus,2019,96 min,"Animation, Adventure, Comedy",8.2,65,Sergio Pablos
Drishyam,2015,163 min,"Crime, Drama, Mystery",8.2,,Nishikant Kamat
Queen,2013,146 min,"Adventure, Comedy, Drama",8.2,,Vikas Bahl
Mandariinid,2013,87 min,"Drama, War",8.2,73,Zaza Urushadze
Bhaag Milkha Bhaag,2013,186 min,"Biography, Drama, Sport",8.2,,Rakeysh Omprakash Mehra
Gangs of Wasseypur,2012,321 min,"Action, Comedy, Crime",8.2,89,Anurag Kashyap
Udaan,2010,134 min,Drama,8.2,,Vikramaditya Motwane
Paan Singh Tomar,2012,135 min,"Action, Biography, Crime",8.2,,Tigmanshu Dhulia
El secreto de sus ojos,2009,129 min,"Drama, Mystery, Romance",8.2,80,Juan Jose Campanella
Warrior,2011,140 min,"Action, Drama, Sport",8.2,71,Gavin O'Connor
Shutter Island,2010,138 min,"Mystery, Thriller",8.2,63,Martin Scorsese
Up,2009,96 min,"Animation, Adventure, Comedy",8.2,88,Pete Docter
The Wolf of Wall Street,2013,180 min,"Biography, Crime, Drama",8.2,75,Martin Scorsese
Chak De! India,2007,153 min,"Drama, Family, Sport",8.2,68,Shimit Amin
There Will Be Blood,2007,158 min,Drama,8.2,93,Paul Thomas Anderson
Pan's Labyrinth,2006,118 min,"Drama, Fantasy, War",8.2,98,Guillermo del Toro
Toy Story 3,2010,103 min,"Animation, Adventure, Comedy",8.2,92,Lee Unkrich
V for Vendetta,2005,132 min,"Action, Drama, Sci-Fi",8.2,62,James McTeigue
Rang De Basanti,2006,167 min,"Comedy, Crime, Drama",8.2,,Rakeysh Omprakash Mehra
Black,2005,122 min,Drama,8.2,,Sanjay Leela Bhansali
Batman Begins,2005,140 min,"Action, Adventure",8.2,70,Christopher Nolan
"Swades: We, the People",2004,210 min,Drama,8.2,,Ashutosh Gowariker
Der Untergang,2004,156 min,"Biography, Drama, History",8.2,82,Oliver Hirschbiegel
Hauru no ugoku shiro,2004,119 min,"Animation, Adventure, Family",8.2,80,Hayao Miyazaki
A Beautiful Mind,2001,135 min,"Biography, Drama",8.2,72,Ron Howard
Hera Pheri,2000,156 min,"Action, Comedy, Crime",8.2,,Priyadarshan
"Lock, Stock and Two Smoking Barrels",1998,107 min,"Action, Comedy, Crime",8.2,66,Guy Ritchie
L.A. Confidential,1997,138 min,"Crime, Drama, Mystery",8.2,90,Curtis Hanson
Eskiya,1996,128 min,"Crime, Drama, Thriller",8.2,,Yavuz Turgul
Heat,1995,170 min,"Crime, Drama, Thriller",8.2,76,Michael Mann
Casino,1995,178 min,"Crime, Drama",8.2,73,Martin Scorsese
Andaz Apna Apna,1994,160 min,"Action, Comedy, Romance",8.2,,Rajkumar Santoshi
Unforgiven,1992,130 min,"Drama, Western",8.2,85,Clint Eastwood
Indiana Jones and the Last Crusade,1989,127 min,"Action, Adventure",8.2,65,Steven Spielberg
Dom za vesanje,1988,142 min,"Comedy, Crime, Drama",8.2,,Emir Kusturica
Tonari no Totoro,1988,86 min,"Animation, Family, Fantasy",8.2,86,Hayao Miyazaki
Die Hard,1988,132 min,"Action, Thriller",8.2,72,John McTiernan
Ran,1985,162 min,"Action, Drama, War",8.2,96,Akira Kurosawa
Raging Bull,1980,129 min,"Biography, Drama, Sport",8.2,89,Martin Scorsese
Stalker,1979,162 min,"Drama, Sci-Fi",8.2,,Andrei Tarkovsky
Hostsonaten,1978,99 min,"Drama, Music",8.2,,Ingmar Bergman
The Message,1976,177 min,"Biography, Drama, History",8.2,,Moustapha Akkad
Sholay,1975,204 min,"Action, Adventure, Comedy",8.2,,Ramesh Sippy
Monty Python and the Holy Grail,1975,91 min,"Adventure, Comedy, Fantasy",8.2,91,Terry Gilliam
The Great Escape,1963,172 min,"Adventure, Drama, History",8.2,86,John Sturges
To Kill a Mockingbird,1962,129 min,"Crime, Drama",8.2,88,Robert Mulligan
Yojinbo,1961,110 min,"Action, Drama, Thriller",8.2,,Akira Kurosawa
Judgment at Nuremberg,1961,179 min,"Drama, War",8.2,60,Stanley Kramer
Some Like It Hot,1959,121 min,"Comedy, Music, Romance",8.2,98,Billy Wilder
Smultronstallet,1957,91 min,"Drama, Romance",8.2,88,Ingmar Bergman
Det sjunde inseglet,1957,96 min,"Drama, Fantasy, History",8.2,88,Ingmar Bergman
Du rififi chez les hommes,1955,118 min,"Crime, Drama, Thriller",8.2,97,Jules Dassin
Dial M for Murder,1954,105 min,"Crime, Thriller",8.2,75,Alfred Hitchcock
Tokyo monogatari,1953,136 min,Drama,8.2,,Yasujiro Ozu
Rashomon,1950,88 min,"Crime, Drama, Mystery",8.2,98,Akira Kurosawa
All About Eve,1950,138 min,Drama,8.2,98,Joseph L. Mankiewicz
The Treasure of the Sierra Madre,1948,126 min,"Adventure, Drama, Western",8.2,98,John Huston
To Be or Not to Be,1942,99 min,"Comedy, War",8.2,86,Ernst Lubitsch
The Gold Rush,1925,95 min,"Adventure, Comedy, Drama",8.2,,Charles Chaplin
Sherlock Jr.,1924,45 min,"Action, Comedy, Romance",8.2,,Buster Keaton
Portrait de la jeune fille en feu,2019,122 min,"Drama, Romance",8.1,95,Celine Sciamma
Pink,2016,136 min,"Drama, Thriller",8.1,,Aniruddha Roy Chowdhury
Koe no katachi,2016,130 min,"Animation, Drama, Family",8.1,78,Naoko Yamada
Contratiempo,2016,106 min,"Crime, Drama, Mystery",8.1,,Oriol Paulo
Ah-ga-ssi,2016,145 min,"Drama, Romance, Thriller",8.1,84,Chan-wook Park
Mommy,2014,139 min,Drama,8.1,74,Xavier Dolan
Haider,2014,160 min,"Action, Crime, Drama",8.1,,Vishal Bhardwaj
Logan,2017,137 min,"Action, Drama, Sci-Fi",8.1,77,James Mangold
Room,2015,118 min,"Drama, Thriller",8.1,86,Lenny Abrahamson
Relatos salvajes,2014,122 min,"Comedy, Drama, Thriller",8.1,77,Damian Szifron
Soul,2020,100 min,"Animation, Adventure, Comedy",8.1,83,Pete Docter
Kis Uykusu,2014,196 min,Drama,8.1,88,Nuri Bilge Ceylan
PK,2014,153 min,"Comedy, Drama, Musical",8.1,,Rajkumar Hirani
OMG: Oh My God!,2012,125 min,"Comedy, Drama, Fantasy",8.1,,Umesh Shukla
The Grand Budapest Hotel,2014,99 min,"Adventure, Comedy, Crime",8.1,88,Wes Anderson
Gone Girl,2014,149 min,"Drama, Mystery, Thriller",8.1,79,David Fincher
Okami kodomo no Ame to Yuki,2012,117 min,"Animation, Drama, Fantasy",8.1,71,Mamoru Hosoda
Hacksaw Ridge,2016,139 min,"Biography, Drama, History",8.1,71,Mel Gibson
Inside Out,2015,95 min,"Animation, Adventure, Comedy",8.1,94,Pete Docter
Barfi!,2012,151 min,"Comedy, Drama, Romance",8.1,,Anurag Basu
12 Years a Slave,2013,134 min,"Biography, Drama, History",8.1,96,Steve McQueen
Rush,2013,123 min,"Action, Biography, Drama",8.1,74,Ron Howard
Ford v Ferrari,2019,152 min,"Action, Biography, Drama",8.1,81,James Mangold
Spotlight,2015,129 min,"Biography, Crime, Drama",8.1,93,Tom McCarthy
Song of the Sea,2014,93 min,"Animation, Adventure, Drama",8.1,85,Tomm Moore
Kahaani,2012,122 min,"Mystery, Thriller",8.1,,Sujoy Ghosh
Zindagi Na Milegi Dobara,2011,155 min,"Comedy, Drama",8.1,,Zoya Akhtar
Prisoners,2013,153 min,"Crime, Drama, Mystery",8.1,70,Denis Villeneuve
Mad Max: Fury Road,2015,120 min,"Action, Adventure, Sci-Fi",8.1,90,George Miller
A Wednesday,2008,104 min,"Action, Crime, Drama",8.1,,Neeraj Pandey
Gran Torino,2008,116 min,Drama,8.1,72,Clint Eastwood
Harry Potter and the Deathly Hallows: Part 2,2011,130 min,"Adventure, Drama, Fantasy",8.1,85,David Yates
Okuribito,2008,130 min,"Drama, Music",8.1,68,Yojiro Takita
Hachi: A Dog's Tale,2009,93 min,"Biography, Drama, Family",8.1,,Lasse Hallstrom
Mary and Max,2009,92 min,"Animation, Comedy, Drama",8.1,,Adam Elliot
How to Train Your Dragon,2010,98 min,"Animation, Action, Adventure",8.1,75,Dean DeBlois
Into the Wild,2007,148 min,"Adventure, Biography, Drama",8.1,73,Sean Penn
No Country for Old Men,2007,122 min,"Crime, Drama, Thriller",8.1,91,Ethan Coen
Lage Raho Munna Bhai,2006,144 min,"Comedy, Drama, Romance",8.1,,Rajkumar Hirani
Million Dollar Baby,2004,132 min,"Drama, Sport",8.1,86,Clint Eastwood
Hotel Rwanda,2004,121 min,"Biography, Drama, History",8.1,79,Terry George
Taegukgi hwinalrimyeo,2004,140 min,"Action, Drama, War",8.1,64,Je-kyu Kang
Before Sunset,2004,80 min,"Drama, Romance",8.1,90,Richard Linklater
Munna Bhai M.B.B.S.,2003,156 min,"Comedy, Drama, Musical",8.1,,Rajkumar Hirani
Salinui chueok,2003,131 min,"Crime, Drama, Mystery",8.1,82,Bong Joon Ho
Dil Chahta Hai,2001,183 min,"Comedy, Drama, Romance",8.1,,Farhan Akhtar
Kill Bill: Vol. 1,2003,111 min,"Action, Crime, Drama",8.1,69,Quentin Tarantino
Finding Nemo,2003,100 min,"Animation, Adventure, Comedy",8.1,90,Andrew Stanton
Catch Me If You Can,2002,141 min,"Biography, Crime, Drama",8.1,75,Steven Spielberg
Amores perros,2000,154 min,"Drama, Thriller",8.1,83,Alejandro G. Inarritu
"Monsters, Inc.",2001,92 min,"Animation, Adventure, Comedy",8.1,79,Pete Docter
"Shin seiki Evangelion Gekijo-ban: Air/Magokoro wo, kimi ni",1997,87 min,"Animation, Action, Drama",8.1,,Hideaki Anno
Lagaan: Once Upon a Time in India,2001,224 min,"Adventure, Drama, Musical",8.1,84,Ashutosh Gowariker
The Sixth Sense,1999,107 min,"Drama, Mystery, Thriller",8.1,64,M. Night Shyamalan
La leggenda del pianista sull'oceano,1998,169 min,"Drama, Music, Romance",8.1,58,Giuseppe Tornatore
The Truman Show,1998,103 min,"Comedy, Drama",8.1,90,Peter Weir
"Crna macka, beli macor",1998,127 min,"Comedy, Crime, Romance",8.1,73,Emir Kusturica
The Big Lebowski,1998,117 min,"Comedy, Crime, Sport",8.1,71,Joel Coen
Fa yeung nin wah,2000,98 min,"Drama, Romance",8.1,85,Kar-Wai Wong
Trainspotting,1996,93 min,Drama,8.1,83,Danny Boyle
Fargo,1996,98 min,"Crime, Drama, Thriller",8.1,85,Joel Coen
Underground,1995,170 min,"Comedy, Drama, War",8.1,,Emir Kusturica
La haine,1995,98 min,"Crime, Drama",8.1,,Mathieu Kassovitz
Dilwale Dulhania Le Jayenge,1995,189 min,"Drama, Romance",8.1,,Aditya Chopra
Before Sunrise,1995,101 min,"Drama, Romance",8.1,77,Richard Linklater
Trois couleurs: Rouge,1994,99 min,"Drama, Mystery, Romance",8.1,100,Krzysztof Kieslowski
Chung Hing sam lam,1994,102 min,"Comedy, Crime, Drama",8.1,77,Kar-Wai Wong
Jurassic Park,1993,127 min,"Action, Adventure, Sci-Fi",8.1,68,Steven Spielberg
In the Name of the Father,1993,133 min,"Biography, Crime, Drama",8.1,84,Jim Sheridan
Ba wang bie ji,1993,171 min,"Drama, Music, Romance",8.1,,Kaige Chen
Da hong denglong gaogao gua,1991,125 min,"Drama, History, Romance",8.1,,Yimou Zhang
Dead Poets Society,1989,128 min,"Comedy, Drama",8.1,79,Peter Weir
Stand by Me,1986,89 min,"Adventure, Drama",8.1,75,Rob Reiner
Platoon,1986,120 min,"Drama, War",8.1,92,Oliver Stone
"Paris, Texas",1984,145 min,Drama,8.1,78,Wim Wenders
Kaze no tani no Naushika,1984,117 min,"Animation, Adventure, Fantasy",8.1,86,Hayao Miyazaki
The Thing,1982,109 min,"Horror, Mystery, Sci-Fi",8.1,57,John Carpenter
Pink Floyd: The Wall,1982,95 min,"Drama, Fantasy, Music",8.1,47,Alan Parker
Fitzcarraldo,1982,158 min,"Adventure, Drama",8.1,,Werner Herzog
Fanny och Alexander,1982,188 min,Drama,8.1,100,Ingmar Bergman
Blade Runner,1982,117 min,"Action, Sci-Fi, Thriller",8.1,84,Ridley Scott
The Elephant Man,1980,124 min,"Biography, Drama",8.1,78,David Lynch
Life of Brian,1979,94 min,Comedy,8.1,77,Terry Jones
The Deer Hunter,1978,183 min,"Drama, War",8.1,86,Michael Cimino
Rocky,1976,120 min,"Drama, Sport",8.1,70,John G. Avildsen
Network,1976,121 min,Drama,8.1,83,Sidney Lumet
Barry Lyndon,1975,185 min,"Adventure, Drama, History",8.1,89,Stanley Kubrick
Zerkalo,1975,107 min,"Biography, Drama",8.1,,Andrei Tarkovsky
Chinatown,1974,130 min,"Drama, Mystery, Thriller",8.1,92,Roman Polanski
Paper Moon,1973,102 min,"Comedy, Crime, Drama",8.1,77,Peter Bogdanovich
Viskningar och rop,1972,91 min,Drama,8.1,,Ingmar Bergman
Solaris,1972,167 min,"Drama, Mystery, Sci-Fi",8.1,90,Andrei Tarkovsky
Le samourai,1967,105 min,"Crime, Drama, Mystery",8.1,,Jean-Pierre Melville
Cool Hand Luke,1967,127 min,"Crime, Drama",8.1,92,Stuart Rosenberg
Persona,1966,85 min,"Drama, Thriller",8.1,86,Ingmar Bergman
Andrei Rublev,1966,205 min,"Biography, Drama, History",8.1,,Andrei Tarkovsky
La battaglia di Algeri,1966,121 min,"Drama, War",8.1,96,Gillo Pontecorvo
El angel exterminador,1962,95 min,"Drama, Fantasy",8.1,,Luis Bunuel
What Ever Happened to Baby Jane?,1962,134 min,"Drama, Horror, Thriller",8.1,75,Robert Aldrich
Sanjuro,1962,96 min,"Action, Comedy, Crime",8.1,,Akira Kurosawa
The Man Who Shot Liberty Valance,1962,123 min,"Drama, Western",8.1,94,John Ford
Ivanovo detstvo,1962,95 min,"Drama, War",8.1,,Andrei Tarkovsky
Jungfrukallan,1960,89 min,Drama,8.1,,Ingmar Bergman
Inherit the Wind,1960,128 min,"Biography, Drama, History",8.1,75,Stanley Kramer
Les quatre cents coups,1959,99 min,"Crime, Drama",8.1,,Francois Truffaut
Ben-Hur,1959,212 min,"Adventure, Drama, History",8.1,90,William Wyler
Kakushi-toride no san-akunin,1958,139 min,"Adventure, Drama",8.1,,Akira Kurosawa
Le notti di Cabiria,1957,110 min,Drama,8.1,,Federico Fellini
Kumonosu-jo,1957,110 min,"Drama, History",8.1,,Akira Kurosawa
The Bridge on the River Kwai,1957,161 min,"Adventure, Drama, War",8.1,87,David Lean
On the Waterfront,1954,108 min,"Crime, Drama, Thriller",8.1,91,Elia Kazan
Le salaire de la peur,1953,131 min,"Adventure, Drama, Thriller",8.1,85,Henri-Georges Clouzot
Ace in the Hole,1951,111 min,"Drama, Film-Noir",8.1,72,Billy Wilder
White Heat,1949,114 min,"Action, Crime, Drama",8.1,,Raoul Walsh
The Third Man,1949,104 min,"Film-Noir, Mystery, Thriller",8.1,97,Carol Reed
The Red Shoes,1948,135 min,"Drama, Music, Romance",8.1,,Michael Powell
The Shop Around the Corner,1940,99 min,"Comedy, Drama, Romance",8.1,96,Ernst Lubitsch
Rebecca,1940,130 min,"Drama, Mystery, Romance",8.1,86,Alfred Hitchcock
Mr. Smith Goes to Washington,1939,129 min,"Comedy, Drama",8.1,73,Frank Capra
Gone with the Wind,1939,238 min,"Drama, History, Romance",8.1,97,Victor Fleming
La Grande Illusion,1937,113 min,"Drama, War",8.1,,Jean Renoir
It Happened One Night,1934,105 min,"Comedy, Romance",8.1,87,Frank Capra
La passion de Jeanne d'Arc,1928,110 min,"Biography, Drama, History",8.1,,Carl Theodor Dreyer
The Circus,1928,72 min,"Comedy, Romance",8.1,90,Charles Chaplin
Sunrise: A Song of Two Humans,1927,94 min,"Drama, Romance",8.1,,F.W. Murnau
The General,1926,67 min,"Action, Adventure, Comedy",8.1,,Clyde Bruckman
Das Cabinet des Dr. Caligari,1920,76 min,"Fantasy, Horror, Mystery",8.1,,Robert Wiene
Badhaai ho,2018,124 min,"Comedy, Drama",8,,Amit Ravindernath Sharma
Togo,2019,113 min,"Adventure, Biography, Drama",8,69,Ericson Core
Airlift,2016,130 min,"Drama, History",8,,Raja Menon
Bajrangi Bhaijaan,2015,163 min,"Action, Adventure, Comedy",8,,Kabir Khan
Baby,2015,159 min,"Action, Crime, Thriller",8,,Neeraj Pandey
La La Land,2016,128 min,"Comedy, Drama, Music",8,94,Damien Chazelle
Lion,2016,118 min,"Biography, Drama",8,69,Garth Davis
The Martian,2015,144 min,"Adventure, Drama, Sci-Fi",8,80,Ridley Scott
Zootopia,2016,108 min,"Animation, Adventure, Comedy",8,78,Byron Howard
Bahubali: The Beginning,2015,159 min,"Action, Drama",8,,S.S. Rajamouli
Kaguyahime no monogatari,2013,137 min,"Animation, Adventure, Drama",8,89,Isao Takahata
Wonder,2017,113 min,"Drama, Family",8,66,Stephen Chbosky
Gully Boy,2019,154 min,"Drama, Music, Romance",8,65,Zoya Akhtar
Special Chabbis,2013,144 min,"Crime, Drama, Thriller",8,,Neeraj Pandey
Short Term 12,2013,96 min,Drama,8,82,Destin Daniel Cretton
Serbuan maut 2: Berandal,2014,150 min,"Action, Crime, Thriller",8,71,Gareth Evans
The Imitation Game,2014,114 min,"Biography, Drama, Thriller",8,73,Morten Tyldum
Guardians of the Galaxy,2014,121 min,"Action, Adventure, Comedy",8,76,James Gunn
Blade Runner 2049,2017,164 min,"Action, Drama, Mystery",8,81,Denis Villeneuve
Her,2013,126 min,"Drama, Romance, Sci-Fi",8,90,Spike Jonze
Bohemian Rhapsody,2018,134 min,"Biography, Drama, Music",8,49,Bryan Singer
The Revenant,2015,156 min,"Action, Adventure, Drama",8,76,Alejandro G. Inarritu
The Perks of Being a Wallflower,2012,103 min,"Drama, Romance",8,67,Stephen Chbosky
Tropa de Elite 2: O Inimigo Agora e Outro,2010,115 min,"Action, Crime, Drama",8,71,Jose Padilha
The King's Speech,2010,118 min,"Biography, Drama, History",8,88,Tom Hooper
The Help,2011,146 min,Drama,8,62,Tate Taylor
Deadpool,2016,108 min,"Action, Adventure, Comedy",8,65,Tim Miller
Darbareye Elly,2009,119 min,"Drama, Mystery",8,87,Asghar Farhadi
Dev.D,2009,144 min,"Drama, Romance",8,,Anurag Kashyap
Yip Man,2008,106 min,"Action, Biography, Drama",8,59,Wilson Yip
My Name Is Khan,2010,165 min,Drama,8,50,Karan Johar
Nefes: Vatan Sagolsun,2009,128 min,"Action, Drama, Thriller",8,,Levent Semerci
Slumdog Millionaire,2008,120 min,"Drama, Romance",8,84,Danny Boyle
Black Swan,2010,108 min,"Drama, Thriller",8,79,Darren Aronofsky
Tropa de Elite,2007,115 min,"Action, Crime, Drama",8,33,Jose Padilha
The Avengers,2012,143 min,"Action, Adventure, Sci-Fi",8,69,Joss Whedon
Persepolis,2007,96 min,"Animation, Biography, Drama",8,90,Vincent Paronnaud
Dallas Buyers Club,2013,117 min,"Biography, Drama",8,80,Jean-Marc Vallee
The Pursuit of Happyness,2006,117 min,"Biography, Drama",8,64,Gabriele Muccino
Blood Diamond,2006,143 min,"Adventure, Drama, Thriller",8,64,Edward Zwick
The Bourne Ultimatum,2007,115 min,"Action, Mystery, Thriller",8,85,Paul Greengrass
Bin-jip,2004,88 min,"Crime, Drama, Romance",8,72,Ki-duk Kim
Sin City,2005,124 min,"Crime, Thriller",8,74,Frank Miller
Le scaphandre et le papillon,2007,112 min,"Biography, Drama",8,92,Julian Schnabel
G.O.R.A.,2004,127 min,"Adventure, Comedy, Sci-Fi",8,,Omer Faruk Sorak
Ratatouille,2007,111 min,"Animation, Adventure, Comedy",8,96,Brad Bird
Casino Royale,2006,144 min,"Action, Adventure, Thriller",8,80,Martin Campbell
Kill Bill: Vol. 2,2004,137 min,"Action, Crime, Thriller",8,83,Quentin Tarantino
Vozvrashchenie,2003,110 min,Drama,8,82,Andrey Zvyagintsev
Bom Yeoareum Gaeul Gyeoul Geurigo Bom,2003,103 min,"Drama, Romance",8,85,Ki-duk Kim
Mar adentro,2014,126 min,"Biography, Drama",8,74,Alejandro Amenabar
Cinderella Man,2005,144 min,"Biography, Drama, History",8,69,Ron Howard
Kal Ho Naa Ho,2003,186 min,"Comedy, Drama, Musical",8,54,Nikkhil Advani
Mou gaan dou,2002,101 min,"Action, Crime, Drama",8,75,Andrew Lau
Pirates of the Caribbean: The Curse of the Black Pearl,2003,143 min,"Action, Adventure, Fantasy",8,63,Gore Verbinski
Big Fish,2003,125 min,"Adventure, Drama, Fantasy",8,58,Tim Burton
The Incredibles,2004,115 min,"Animation, Action, Adventure",8,90,Brad Bird
Yeopgijeogin geunyeo,2001,137 min,"Comedy, Drama, Romance",8,,Jae-young Kwak
Dogville,2003,178 min,"Crime, Drama",8,60,Lars von Trier
Vizontele,2001,110 min,"Comedy, Drama",8,,Yilmaz Erdogan
Donnie Darko,2001,113 min,"Drama, Mystery, Sci-Fi",8,88,Richard Kelly
Magnolia,1999,188 min,Drama,8,77,Paul Thomas Anderson
Dancer in the Dark,2000,140 min,"Crime, Drama, Musical",8,61,Lars von Trier
The Straight Story,1999,112 min,"Biography, Drama",8,86,David Lynch
Pafekuto buru,1997,81 min,"Animation, Crime, Mystery",8,,Satoshi Kon
Festen,1998,105 min,Drama,8,82,Thomas Vinterberg
Central do Brasil,1998,110 min,Drama,8,80,Walter Salles
The Iron Giant,1999,86 min,"Animation, Action, Adventure",8,85,Brad Bird
Knockin' on Heaven's Door,1997,87 min,"Action, Crime, Comedy",8,,Thomas Jahn
Sling Blade,1996,135 min,Drama,8,84,Billy Bob Thornton
Secrets & Lies,1996,136 min,"Comedy, Drama",8,91,Mike Leigh
Twelve Monkeys,1995,129 min,"Mystery, Sci-Fi, Thriller",8,74,Terry Gilliam
Kokaku Kidotai,1995,83 min,"Animation, Action, Crime",8,76,Mamoru Oshii
The Nightmare Before Christmas,1993,76 min,"Animation, Family, Fantasy",8,82,Henry Selick
Groundhog Day,1993,101 min,"Comedy, Fantasy, Romance",8,72,Harold Ramis
Bound by Honor,1993,180 min,"Crime, Drama",8,47,Taylor Hackford
Scent of a Woman,1992,156 min,Drama,8,59,Martin Brest
Aladdin,1992,90 min,"Animation, Adventure, Comedy",8,86,Ron Clements
JFK,1991,189 min,"Drama, History, Thriller",8,72,Oliver Stone
Beauty and the Beast,1991,84 min,"Animation, Family, Fantasy",8,95,Gary Trousdale
Dances with Wolves,1990,181 min,"Adventure, Drama, Western",8,72,Kevin Costner
Do the Right Thing,1989,120 min,"Comedy, Drama",8,93,Spike Lee
Rain Man,1988,133 min,Drama,8,65,Barry Levinson
Akira,1988,124 min,"Animation, Action, Sci-Fi",8,,Katsuhiro Otomo
The Princess Bride,1987,98 min,"Adventure, Family, Fantasy",8,77,Rob Reiner
Der Himmel uber Berlin,1987,128 min,"Drama, Fantasy, Romance",8,79,Wim Wenders
Au revoir les enfants,1987,104 min,"Drama, War",8,88,Louis Malle
Tenku no shiro Rapyuta,1986,125 min,"Animation, Adventure, Drama",8,78,Hayao Miyazaki
The Terminator,1984,107 min,"Action, Sci-Fi",8,84,James Cameron
Gandhi,1982,191 min,"Biography, Drama, History",8,79,Richard Attenborough
Kagemusha,1980,180 min,"Drama, History, War",8,84,Akira Kurosawa
Being There,1979,130 min,"Comedy, Drama",8,83,Hal Ashby
Annie Hall,1977,93 min,"Comedy, Romance",8,92,Woody Allen
Jaws,1975,124 min,"Adventure, Thriller",8,87,Steven Spielberg
Dog Day Afternoon,1975,125 min,"Biography, Crime, Drama",8,86,Sidney Lumet
Young Frankenstein,1974,106 min,Comedy,8,80,Mel Brooks
Papillon,1973,151 min,"Biography, Crime, Drama",8,58,Franklin J. Schaffner
The Exorcist,1973,122 min,Horror,8,81,William Friedkin
Sleuth,1972,138 min,"Mystery, Thriller",8,,Joseph L. Mankiewicz
The Last Picture Show,1971,118 min,"Drama, Romance",8,93,Peter Bogdanovich
Fiddler on the Roof,1971,181 min,"Drama, Family, Musical",8,67,Norman Jewison
Il conformista,1970,113 min,Drama,8,100,Bernardo Bertolucci
Butch Cassidy and the Sundance Kid,1969,110 min,"Biography, Crime, Drama",8,66,George Roy Hill
Rosemary's Baby,1968,137 min,"Drama, Horror",8,96,Roman Polanski
Planet of the Apes,1968,112 min,"Adventure, Sci-Fi",8,79,Franklin J. Schaffner
The Graduate,1967,106 min,"Comedy, Drama, Romance",8,83,Mike Nichols
Who's Afraid of Virginia Woolf?,1966,131 min,Drama,8,75,Mike Nichols
The Sound of Music,1965,172 min,"Biography, Drama, Family",8,63,Robert Wise
Doctor Zhivago,1965,197 min,"Drama, Romance, War",8,69,David Lean
Per un pugno di dollari,1964,99 min,"Action, Drama, Western",8,65,Sergio Leone
8ï¿½,1963,138 min,Drama,8,91,Federico Fellini
Vivre sa vie: Film en douze tableaux,1962,80 min,Drama,8,,Jean-Luc Godard
The Hustler,1961,134 min,"Drama, Sport",8,90,Robert Rossen
La dolce vita,1960,174 min,"Comedy, Drama",8,95,Federico Fellini
Rio Bravo,1959,141 min,"Action, Drama, Western",8,93,Howard Hawks
Anatomy of a Murder,1959,161 min,"Crime, Drama, Mystery",8,95,Otto Preminger
Touch of Evil,1958,95 min,"Crime, Drama, Film-Noir",8,99,Orson Welles
Cat on a Hot Tin Roof,1958,108 min,Drama,8,84,Richard Brooks
Sweet Smell of Success,1957,96 min,"Drama, Film-Noir",8,100,Alexander Mackendrick
The Killing,1956,84 min,"Crime, Drama, Film-Noir",8,91,Stanley Kubrick
The Night of the Hunter,1955,92 min,"Crime, Drama, Film-Noir",8,99,Charles Laughton
La Strada,1954,108 min,Drama,8,,Federico Fellini
Les diaboliques,1955,117 min,"Crime, Drama, Horror",8,,Henri-Georges Clouzot
Stalag 17,1953,120 min,"Comedy, Drama, War",8,84,Billy Wilder
Roman Holiday,1953,118 min,"Comedy, Romance",8,78,William Wyler
A Streetcar Named Desire,1951,122 min,Drama,8,97,Elia Kazan
In a Lonely Place,1950,94 min,"Drama, Film-Noir, Mystery",8,,Nicholas Ray
Kind Hearts and Coronets,1949,106 min,"Comedy, Crime",8,,Robert Hamer
Rope,1948,80 min,"Crime, Drama, Mystery",8,73,Alfred Hitchcock
Out of the Past,1947,97 min,"Crime, Drama, Film-Noir",8,,Jacques Tourneur
Brief Encounter,1945,86 min,"Drama, Romance",8,92,David Lean
Laura,1944,88 min,"Drama, Film-Noir, Mystery",8,,Otto Preminger
The Best Years of Our Lives,1946,170 min,"Drama, Romance, War",8,93,William Wyler
Arsenic and Old Lace,1942,118 min,"Comedy, Crime, Thriller",8,,Frank Capra
The Maltese Falcon,1941,100 min,"Film-Noir, Mystery",8,96,John Huston
The Grapes of Wrath,1940,129 min,"Drama, History",8,96,John Ford
The Wizard of Oz,1939,102 min,"Adventure, Family, Fantasy",8,92,Victor Fleming
La regle du jeu,1939,110 min,"Comedy, Drama",8,,Jean Renoir
The Thin Man,1934,91 min,"Comedy, Crime, Mystery",8,86,W.S. Van Dyke
All Quiet on the Western Front,1930,152 min,"Drama, War",8,91,Lewis Milestone
Bronenosets Potemkin,1925,75 min,"Drama, History, Thriller",8,97,Sergei M. Eisenstein
Knives Out,2019,130 min,"Comedy, Crime, Drama",7.9,82,Rian Johnson
Dil Bechara,2020,101 min,"Comedy, Drama, Romance",7.9,,Mukesh Chhabra
Manbiki kazoku,2018,121 min,"Crime, Drama",7.9,93,Hirokazu Koreeda
Marriage Story,2019,137 min,"Comedy, Drama, Romance",7.9,94,Noah Baumbach
Call Me by Your Name,2017,132 min,"Drama, Romance",7.9,93,Luca Guadagnino
"I, Daniel Blake",2016,100 min,Drama,7.9,78,Ken Loach
Isle of Dogs,2018,101 min,"Animation, Adventure, Comedy",7.9,82,Wes Anderson
Hunt for the Wilderpeople,2016,101 min,"Adventure, Comedy, Drama",7.9,81,Taika Waititi
Captain Fantastic,2016,118 min,"Comedy, Drama",7.9,72,Matt Ross
Sing Street,2016,106 min,"Comedy, Drama, Music",7.9,79,John Carney
Thor: Ragnarok,2017,130 min,"Action, Adventure, Comedy",7.9,74,Taika Waititi
Nightcrawler,2014,117 min,"Crime, Drama, Thriller",7.9,76,Dan Gilroy
Jojo Rabbit,2019,108 min,"Comedy, Drama, War",7.9,58,Taika Waititi
Arrival,2016,116 min,"Drama, Sci-Fi",7.9,81,Denis Villeneuve
Star Wars: Episode VII - The Force Awakens,2015,138 min,"Action, Adventure, Sci-Fi",7.9,80,J.J. Abrams
Before Midnight,2013,109 min,"Drama, Romance",7.9,94,Richard Linklater
X-Men: Days of Future Past,2014,132 min,"Action, Adventure, Sci-Fi",7.9,75,Bryan Singer
Bir Zamanlar Anadolu'da,2011,157 min,"Crime, Drama",7.9,82,Nuri Bilge Ceylan
The Artist,2011,100 min,"Comedy, Drama, Romance",7.9,89,Michel Hazanavicius
Edge of Tomorrow,2014,113 min,"Action, Adventure, Sci-Fi",7.9,71,Doug Liman
Amour,2012,127 min,"Drama, Romance",7.9,94,Michael Haneke
The Irishman,2019,209 min,"Biography, Crime, Drama",7.9,94,Martin Scorsese
Un prophete,2009,155 min,"Crime, Drama",7.9,90,Jacques Audiard
Moon,2009,97 min,"Drama, Mystery, Sci-Fi",7.9,67,Duncan Jones
Lat den ratte komma in,2008,114 min,"Crime, Drama, Fantasy",7.9,82,Tomas Alfredson
District 9,2009,112 min,"Action, Sci-Fi, Thriller",7.9,81,Neill Blomkamp
The Wrestler,2008,109 min,"Drama, Sport",7.9,80,Darren Aronofsky
Jab We Met,2007,138 min,"Comedy, Drama, Romance",7.9,,Imtiaz Ali
Boyhood,2014,165 min,Drama,7.9,100,Richard Linklater
"4 luni, 3 saptamani si 2 zile",2007,113 min,Drama,7.9,97,Cristian Mungiu
Star Trek,2009,127 min,"Action, Adventure, Sci-Fi",7.9,82,J.J. Abrams
In Bruges,2008,107 min,"Comedy, Crime, Drama",7.9,67,Martin McDonagh
The Man from Earth,2007,87 min,"Drama, Fantasy, Mystery",7.9,,Richard Schenkman
Letters from Iwo Jima,2006,141 min,"Action, Adventure, Drama",7.9,89,Clint Eastwood
The Fall,2006,117 min,"Adventure, Drama, Fantasy",7.9,64,Tarsem Singh
Life of Pi,2012,127 min,"Adventure, Drama, Fantasy",7.9,79,Ang Lee
Fantastic Mr. Fox,2009,87 min,"Animation, Adventure, Comedy",7.9,83,Wes Anderson
C.R.A.Z.Y.,2005,129 min,"Comedy, Drama",7.9,81,Jean-Marc Vallee
Les choristes,2004,97 min,"Drama, Music",7.9,56,Christophe Barratier
Iron Man,2008,126 min,"Action, Adventure, Sci-Fi",7.9,79,Jon Favreau
Shaun of the Dead,2004,99 min,"Comedy, Horror",7.9,76,Edgar Wright
Gegen die Wand,2004,121 min,"Drama, Romance",7.9,78,Fatih Akin
Mystic River,2003,138 min,"Crime, Drama, Mystery",7.9,84,Clint Eastwood
Harry Potter and the Prisoner of Azkaban,2004,142 min,"Adventure, Family, Fantasy",7.9,82,Alfonso Cuaron
Ying xiong,2002,120 min,"Action, Adventure, History",7.9,85,Yimou Zhang
Hable con ella,2002,112 min,"Drama, Mystery, Romance",7.9,86,Pedro Almodovar
No Man's Land,2001,98 min,"Comedy, Drama, War",7.9,84,Danis Tanovic
Cowboy Bebop: Tengoku no tobira,2001,115 min,"Animation, Action, Crime",7.9,61,Shin'ichiro Watanabe
The Bourne Identity,2002,119 min,"Action, Mystery, Thriller",7.9,68,Doug Liman
Nueve reinas,2000,114 min,"Crime, Drama, Thriller",7.9,80,Fabian Bielinsky
Children of Men,2006,109 min,"Adventure, Drama, Sci-Fi",7.9,84,Alfonso Cuaron
Almost Famous,2000,122 min,"Adventure, Comedy, Drama",7.9,90,Cameron Crowe
Mulholland Dr.,2001,147 min,"Drama, Mystery, Thriller",7.9,85,David Lynch
Toy Story 2,1999,92 min,"Animation, Adventure, Comedy",7.9,88,John Lasseter
Boogie Nights,1997,155 min,Drama,7.9,85,Paul Thomas Anderson
Mimi wo sumaseba,1995,111 min,"Animation, Drama, Family",7.9,75,Yoshifumi Kondo
Once Were Warriors,1994,102 min,"Crime, Drama",7.9,77,Lee Tamahori
True Romance,1993,119 min,"Crime, Drama, Romance",7.9,59,Tony Scott
Trois couleurs: Bleu,1993,94 min,"Drama, Music, Mystery",7.9,85,Krzysztof Kieslowski
Jube ninpucho,1993,94 min,"Animation, Action, Adventure",7.9,,Yoshiaki Kawajiri
Carlito's Way,1993,144 min,"Crime, Drama, Thriller",7.9,65,Brian De Palma
Edward Scissorhands,1990,105 min,"Drama, Fantasy, Romance",7.9,74,Tim Burton
My Left Foot: The Story of Christy Brown,1989,103 min,"Biography, Drama",7.9,97,Jim Sheridan
Crimes and Misdemeanors,1989,104 min,"Comedy, Drama",7.9,77,Woody Allen
The Untouchables,1987,119 min,"Crime, Drama, Thriller",7.9,79,Brian De Palma
Hannah and Her Sisters,1986,107 min,"Comedy, Drama",7.9,90,Woody Allen
Brazil,1985,132 min,"Drama, Sci-Fi",7.9,84,Terry Gilliam
This Is Spinal Tap,1984,82 min,"Comedy, Music",7.9,92,Rob Reiner
A Christmas Story,1983,93 min,"Comedy, Family",7.9,77,Bob Clark
The Blues Brothers,1980,133 min,"Action, Adventure, Comedy",7.9,60,John Landis
Manhattan,1979,96 min,"Comedy, Drama, Romance",7.9,83,Woody Allen
All That Jazz,1979,123 min,"Drama, Music, Musical",7.9,72,Bob Fosse
Dawn of the Dead,1978,127 min,"Action, Adventure, Horror",7.9,71,George A. Romero
All the President's Men,1976,138 min,"Biography, Drama, History",7.9,84,Alan J. Pakula
La montana sagrada,1973,114 min,"Adventure, Drama, Fantasy",7.9,76,Alejandro Jodorowsky
Amarcord,1973,123 min,"Comedy, Drama, Family",7.9,,Federico Fellini
Le charme discret de la bourgeoisie,1972,102 min,Comedy,7.9,93,Luis Bunuel
"Aguirre, der Zorn Gottes",1972,95 min,"Action, Adventure, Biography",7.9,,Werner Herzog
Harold and Maude,1971,91 min,"Comedy, Drama, Romance",7.9,62,Hal Ashby
Patton,1970,172 min,"Biography, Drama, War",7.9,91,Franklin J. Schaffner
The Wild Bunch,1969,145 min,"Action, Adventure, Western",7.9,97,Sam Peckinpah
Night of the Living Dead,1968,96 min,"Horror, Thriller",7.9,89,George A. Romero
The Lion in Winter,1968,134 min,"Biography, Drama, History",7.9,,Anthony Harvey
In the Heat of the Night,1967,110 min,"Crime, Drama, Mystery",7.9,75,Norman Jewison
Charade,1963,113 min,"Comedy, Mystery, Romance",7.9,83,Stanley Donen
Spartacus,1960,197 min,"Adventure, Biography, Drama",7.9,87,Stanley Kubrick
L'avventura,1960,144 min,"Drama, Mystery",7.9,,Michelangelo Antonioni
Hiroshima mon amour,1959,90 min,"Drama, Romance",7.9,,Alain Resnais
The Ten Commandments,1956,220 min,"Adventure, Drama",7.9,,Cecil B. DeMille
The Searchers,1956,119 min,"Adventure, Drama, Western",7.9,94,John Ford
East of Eden,1955,118 min,Drama,7.9,72,Elia Kazan
High Noon,1952,85 min,"Drama, Thriller, Western",7.9,89,Fred Zinnemann
Strangers on a Train,1951,101 min,"Crime, Film-Noir, Thriller",7.9,88,Alfred Hitchcock
Harvey,1950,104 min,"Comedy, Drama, Fantasy",7.9,,Henry Koster
Miracle on 34th Street,1947,96 min,"Comedy, Drama, Family",7.9,88,George Seaton
Notorious,1946,102 min,"Drama, Film-Noir, Romance",7.9,100,Alfred Hitchcock
The Big Sleep,1946,114 min,"Crime, Film-Noir, Mystery",7.9,,Howard Hawks
The Lost Weekend,1945,101 min,"Drama, Film-Noir",7.9,,Billy Wilder
The Philadelphia Story,1940,112 min,"Comedy, Romance",7.9,96,George Cukor
His Girl Friday,1940,92 min,"Comedy, Drama, Romance",7.9,,Howard Hawks
The Adventures of Robin Hood,1938,102 min,"Action, Adventure, Romance",7.9,97,Michael Curtiz
A Night at the Opera,1935,96 min,"Comedy, Music, Musical",7.9,,Sam Wood
King Kong,1933,100 min,"Adventure, Horror, Sci-Fi",7.9,90,Merian C. Cooper
Freaks,1932,64 min,"Drama, Horror",7.9,80,Tod Browning
Nosferatu,1922,94 min,"Fantasy, Horror",7.9,,F.W. Murnau
The Gentlemen,2019,113 min,"Action, Comedy, Crime",7.8,51,Guy Ritchie
Raazi,2018,138 min,"Action, Drama, Thriller",7.8,,Meghna Gulzar
Sound of Metal,2019,120 min,"Drama, Music",7.8,81,Darius Marder
Forushande,2016,124 min,Drama,7.8,85,Asghar Farhadi
Dunkirk,2017,106 min,"Action, Drama, History",7.8,94,Christopher Nolan
Perfetti sconosciuti,2016,96 min,"Comedy, Drama",7.8,,Paolo Genovese
Hidden Figures,2016,127 min,"Biography, Drama, History",7.8,74,Theodore Melfi
Paddington 2,2017,103 min,"Adventure, Comedy, Family",7.8,88,Paul King
Udta Punjab,2016,148 min,"Action, Crime, Drama",7.8,,Abhishek Chaubey
Kubo and the Two Strings,2016,101 min,"Animation, Action, Adventure",7.8,84,Travis Knight
M.S. Dhoni: The Untold Story,2016,184 min,"Biography, Drama, Sport",7.8,,Neeraj Pandey
Manchester by the Sea,2016,137 min,Drama,7.8,96,Kenneth Lonergan
Under sandet,2015,100 min,"Drama, History, War",7.8,75,Martin Zandvliet
Rogue One,2016,133 min,"Action, Adventure, Sci-Fi",7.8,65,Gareth Edwards
Captain America: Civil War,2016,147 min,"Action, Adventure, Sci-Fi",7.8,75,Anthony Russo
The Hateful Eight,2015,168 min,"Crime, Drama, Mystery",7.8,68,Quentin Tarantino
Little Women,2019,135 min,"Drama, Romance",7.8,91,Greta Gerwig
Loving Vincent,2017,94 min,"Animation, Biography, Crime",7.8,62,Dorota Kobiela
Pride,2014,119 min,"Biography, Comedy, Drama",7.8,79,Matthew Warchus
Le passe,2013,130 min,"Drama, Mystery",7.8,85,Asghar Farhadi
La grande bellezza,2013,141 min,Drama,7.8,86,Paolo Sorrentino
The Lunchbox,2013,104 min,"Drama, Romance",7.8,76,Ritesh Batra
Vicky Donor,2012,126 min,"Comedy, Romance",7.8,,Shoojit Sircar
Big Hero 6,2014,102 min,"Animation, Action, Adventure",7.8,74,Don Hall
About Time,2013,123 min,"Comedy, Drama, Fantasy",7.8,55,Richard Curtis
English Vinglish,2012,134 min,"Comedy, Drama, Family",7.8,,Gauri Shinde
Kaze tachinu,2013,126 min,"Animation, Biography, Drama",7.8,83,Hayao Miyazaki
Toy Story 4,2019,100 min,"Animation, Adventure, Comedy",7.8,84,Josh Cooley
La migliore offerta,2013,131 min,"Crime, Drama, Mystery",7.8,49,Giuseppe Tornatore
Moonrise Kingdom,2012,94 min,"Comedy, Drama, Romance",7.8,84,Wes Anderson
How to Train Your Dragon 2,2014,102 min,"Animation, Action, Adventure",7.8,76,Dean DeBlois
The Big Short,2015,130 min,"Biography, Comedy, Drama",7.8,81,Adam McKay
Kokuhaku,2010,106 min,"Drama, Thriller",7.8,,Tetsuya Nakashima
Ang-ma-reul bo-at-da,2010,144 min,"Action, Crime, Drama",7.8,67,Jee-woon Kim
The Girl with the Dragon Tattoo,2011,158 min,"Crime, Drama, Mystery",7.8,71,David Fincher
Captain Phillips,2013,134 min,"Adventure, Biography, Crime",7.8,82,Paul Greengrass
Ajeossi,2010,119 min,"Action, Crime, Drama",7.8,,Jeong-beom Lee
Straight Outta Compton,2015,147 min,"Biography, Drama, History",7.8,72,F. Gary Gray
Madeo,2009,129 min,"Crime, Drama, Mystery",7.8,79,Bong Joon Ho
Chugyeokja,2008,125 min,"Action, Crime, Thriller",7.8,64,Hong-jin Na
The Hobbit: The Desolation of Smaug,2013,161 min,"Adventure, Fantasy",7.8,66,Peter Jackson
Das weiBe Band - Eine deutsche Kindergeschichte,2009,144 min,"Drama, History, Mystery",7.8,82,Michael Haneke
Man som hatar kvinnor,2009,152 min,"Crime, Drama, Mystery",7.8,76,Niels Arden Oplev
The Trial of the Chicago 7,2020,129 min,"Drama, History, Thriller",7.8,77,Aaron Sorkin
Druk,2020,117 min,"Comedy, Drama",7.8,81,Thomas Vinterberg
The Fighter,2010,116 min,"Biography, Drama, Sport",7.8,79,David O. Russell
Taken,2008,90 min,"Action, Thriller",7.8,51,Pierre Morel
The Boy in the Striped Pyjamas,2008,94 min,"Drama, History, War",7.8,55,Mark Herman
Once,2007,86 min,"Drama, Music, Romance",7.8,88,John Carney
The Hobbit: An Unexpected Journey,2012,169 min,"Adventure, Fantasy",7.8,58,Peter Jackson
Auf der anderen Seite,2007,122 min,Drama,7.8,85,Fatih Akin
Atonement,2007,123 min,"Drama, Mystery, Romance",7.8,85,Joe Wright
Drive,2011,100 min,"Crime, Drama",7.8,78,Nicolas Winding Refn
American Gangster,2007,157 min,"Biography, Crime, Drama",7.8,76,Ridley Scott
Avatar,2009,162 min,"Action, Adventure, Fantasy",7.8,83,James Cameron
Mr. Nobody,2009,141 min,"Drama, Fantasy, Romance",7.8,63,Jaco Van Dormael
Apocalypto,2006,139 min,"Action, Adventure, Drama",7.8,68,Mel Gibson
Little Miss Sunshine,2006,101 min,"Comedy, Drama",7.8,80,Jonathan Dayton
Hot Fuzz,2007,121 min,"Action, Comedy, Mystery",7.8,81,Edgar Wright
The Curious Case of Benjamin Button,2008,166 min,"Drama, Fantasy, Romance",7.8,70,David Fincher
Veer-Zaara,2004,192 min,"Drama, Family, Musical",7.8,67,Yash Chopra
Adams abler,2005,94 min,"Comedy, Crime, Drama",7.8,51,Anders Thomas Jensen
Pride & Prejudice,2005,129 min,"Drama, Romance",7.8,82,Joe Wright
The World's Fastest Indian,2005,127 min,"Biography, Drama, Sport",7.8,68,Roger Donaldson
Tokyo goddofazazu,2003,90 min,"Animation, Adventure, Comedy",7.8,73,Satoshi Kon
Serenity,2005,119 min,"Action, Adventure, Sci-Fi",7.8,74,Joss Whedon
Walk the Line,2005,136 min,"Biography, Drama, Music",7.8,72,James Mangold
Ondskan,2003,113 min,Drama,7.8,61,Mikael Hafstrom
The Notebook,2004,123 min,"Drama, Romance",7.8,53,Nick Cassavetes
Diarios de motocicleta,2004,126 min,"Adventure, Biography, Drama",7.8,75,Walter Salles
Lilja 4-ever,2002,109 min,"Crime, Drama",7.8,82,Lukas Moodysson
Les triplettes de Belleville,2003,80 min,"Animation, Comedy, Drama",7.8,91,Sylvain Chomet
Gongdong gyeongbi guyeok JSA,2000,110 min,"Action, Drama, Thriller",7.8,58,Chan-wook Park
The Count of Monte Cristo,2002,131 min,"Action, Adventure, Drama",7.8,61,Kevin Reynolds
Waking Life,2001,99 min,"Animation, Drama, Fantasy",7.8,83,Richard Linklater
Remember the Titans,2000,113 min,"Biography, Drama, Sport",7.8,48,Boaz Yakin
Wo hu cang long,2000,120 min,"Action, Adventure, Fantasy",7.8,94,Ang Lee
Todo sobre mi madre,1999,101 min,Drama,7.8,87,Pedro Almodovar
Cast Away,2000,143 min,"Adventure, Drama, Romance",7.8,73,Robert Zemeckis
The Boondock Saints,1999,108 min,"Action, Crime, Thriller",7.8,44,Troy Duffy
The Insider,1999,157 min,"Biography, Drama, Thriller",7.8,84,Michael Mann
October Sky,1999,108 min,"Biography, Drama, Family",7.8,71,Joe Johnston
Shrek,2001,90 min,"Animation, Adventure, Comedy",7.8,84,Andrew Adamson
Titanic,1997,194 min,"Drama, Romance",7.8,75,James Cameron
Hana-bi,1997,103 min,"Crime, Drama, Romance",7.8,,Takeshi Kitano
Gattaca,1997,106 min,"Drama, Sci-Fi, Thriller",7.8,64,Andrew Niccol
The Game,1997,129 min,"Action, Drama, Mystery",7.8,61,David Fincher
Breaking the Waves,1996,159 min,Drama,7.8,76,Lars von Trier
Ed Wood,1994,127 min,"Biography, Comedy, Drama",7.8,70,Tim Burton
What's Eating Gilbert Grape,1993,118 min,Drama,7.8,73,Lasse Hallstrom
Tombstone,1993,130 min,"Action, Biography, Drama",7.8,50,George P. Cosmatos
The Sandlot,1993,101 min,"Comedy, Drama, Family",7.8,55,David Mickey Evans
The Remains of the Day,1993,134 min,"Drama, Romance",7.8,84,James Ivory
Naked,1993,132 min,"Comedy, Drama",7.8,84,Mike Leigh
The Fugitive,1993,130 min,"Action, Crime, Drama",7.8,87,Andrew Davis
A Bronx Tale,1993,121 min,"Crime, Drama, Romance",7.8,80,Robert De Niro
Batman: Mask of the Phantasm,1993,76 min,"Animation, Action, Crime",7.8,,Kevin Altieri
Lat sau san taam,1992,128 min,"Action, Crime, Thriller",7.8,,John Woo
Night on Earth,1991,129 min,"Comedy, Drama",7.8,68,Jim Jarmusch
La double vie de Veronique,1991,98 min,"Drama, Fantasy, Music",7.8,86,Krzysztof Kieslowski
Boyz n the Hood,1991,112 min,"Crime, Drama",7.8,76,John Singleton
Misery,1990,107 min,"Drama, Thriller",7.8,75,Rob Reiner
Awakenings,1990,121 min,"Biography, Drama",7.8,74,Penny Marshall
Majo no takkyubin,1989,103 min,"Animation, Adventure, Drama",7.8,83,Hayao Miyazaki
Glory,1989,122 min,"Biography, Drama, History",7.8,78,Edward Zwick
Dip huet seung hung,1989,111 min,"Action, Crime, Drama",7.8,82,John Woo
Back to the Future Part II,1989,108 min,"Adventure, Comedy, Sci-Fi",7.8,57,Robert Zemeckis
Mississippi Burning,1988,128 min,"Crime, Drama, History",7.8,65,Alan Parker
Predator,1987,107 min,"Action, Adventure, Sci-Fi",7.8,45,John McTiernan
Evil Dead II,1987,84 min,"Action, Comedy, Fantasy",7.8,72,Sam Raimi
Ferris Bueller's Day Off,1986,103 min,Comedy,7.8,61,John Hughes
Down by Law,1986,107 min,"Comedy, Crime, Drama",7.8,75,Jim Jarmusch
The Goonies,1985,114 min,"Adventure, Comedy, Family",7.8,62,Richard Donner
The Color Purple,1985,154 min,Drama,7.8,78,Steven Spielberg
The Breakfast Club,1985,97 min,"Comedy, Drama",7.8,66,John Hughes
The Killing Fields,1984,141 min,"Biography, Drama, History",7.8,76,Roland Joffe
Ghostbusters,1984,105 min,"Action, Comedy, Fantasy",7.8,71,Ivan Reitman
The Right Stuff,1983,193 min,"Adventure, Biography, Drama",7.8,91,Philip Kaufman
The King of Comedy,1982,109 min,"Comedy, Crime, Drama",7.8,73,Martin Scorsese
E.T. the Extra-Terrestrial,1982,115 min,"Family, Sci-Fi",7.8,91,Steven Spielberg
Kramer vs. Kramer,1979,105 min,Drama,7.8,77,Robert Benton
Days of Heaven,1978,94 min,"Drama, Romance",7.8,93,Terrence Malick
The Outlaw Josey Wales,1976,135 min,Western,7.8,69,Clint Eastwood
The Man Who Would Be King,1975,129 min,"Adventure, History, War",7.8,91,John Huston
The Conversation,1974,113 min,"Drama, Mystery, Thriller",7.8,85,Francis Ford Coppola
La planete sauvage,1973,72 min,"Animation, Sci-Fi",7.8,73,Rene Laloux
The Day of the Jackal,1973,143 min,"Crime, Drama, Thriller",7.8,80,Fred Zinnemann
Badlands,1973,94 min,"Action, Crime, Drama",7.8,93,Terrence Malick
Cabaret,1972,124 min,"Drama, Music, Musical",7.8,80,Bob Fosse
Willy Wonka & the Chocolate Factory,1971,100 min,"Family, Fantasy, Musical",7.8,67,Mel Stuart
Midnight Cowboy,1969,113 min,Drama,7.8,79,John Schlesinger
Wait Until Dark,1967,108 min,Thriller,7.8,81,Terence Young
Guess Who's Coming to Dinner,1967,108 min,"Comedy, Drama",7.8,63,Stanley Kramer
Bonnie and Clyde,1967,111 min,"Action, Biography, Crime",7.8,86,Arthur Penn
My Fair Lady,1964,170 min,"Drama, Family, Musical",7.8,95,George Cukor
Mary Poppins,1964,139 min,"Comedy, Family, Fantasy",7.8,88,Robert Stevenson
The Longest Day,1962,178 min,"Action, Drama, History",7.8,75,Ken Annakin
Jules et Jim,1962,105 min,"Drama, Romance",7.8,97,Francois Truffaut
The Innocents,1961,100 min,Horror,7.8,88,Jack Clayton
A bout de souffle,1960,90 min,"Crime, Drama",7.8,,Jean-Luc Godard
Red River,1948,133 min,"Action, Adventure, Drama",7.8,,Howard Hawks
Key Largo,1948,100 min,"Action, Crime, Drama",7.8,,John Huston
To Have and Have Not,1944,100 min,"Adventure, Comedy, Film-Noir",7.8,,Howard Hawks
Shadow of a Doubt,1943,108 min,"Film-Noir, Thriller",7.8,94,Alfred Hitchcock
Stagecoach,1939,96 min,"Adventure, Drama, Western",7.8,93,John Ford
The Lady Vanishes,1938,96 min,"Mystery, Thriller",7.8,98,Alfred Hitchcock
Bringing Up Baby,1938,102 min,"Comedy, Family, Romance",7.8,91,Howard Hawks
Bride of Frankenstein,1935,75 min,"Drama, Horror, Sci-Fi",7.8,95,James Whale
Duck Soup,1933,69 min,"Comedy, Musical, War",7.8,93,Leo McCarey
Scarface: The Shame of the Nation,1932,93 min,"Action, Crime, Drama",7.8,87,Howard Hawks
Frankenstein,1931,70 min,"Drama, Horror, Sci-Fi",7.8,91,James Whale
Roma,2018,135 min,Drama,7.7,96,Alfonso Cuaron
God's Own Country,2017,104 min,"Drama, Romance",7.7,85,Francis Lee
Deadpool 2,2018,119 min,"Action, Adventure, Comedy",7.7,66,David Leitch
Wind River,2017,107 min,"Crime, Drama, Mystery",7.7,73,Taylor Sheridan
Get Out,2017,104 min,"Horror, Mystery, Thriller",7.7,85,Jordan Peele
Mission: Impossible - Fallout,2018,147 min,"Action, Adventure, Thriller",7.7,86,Christopher McQuarrie
En man som heter Ove,2015,116 min,"Comedy, Drama, Romance",7.7,70,Hannes Holm
What We Do in the Shadows,2014,86 min,"Comedy, Horror",7.7,76,Jemaine Clement
Omoide no Mani,2014,103 min,"Animation, Drama, Family",7.7,72,James Simone
The Theory of Everything,2014,123 min,"Biography, Drama, Romance",7.7,72,James Marsh
Kingsman: The Secret Service,2014,129 min,"Action, Adventure, Comedy",7.7,60,Matthew Vaughn
The Fault in Our Stars,2014,126 min,"Drama, Romance",7.7,69,Josh Boone
Me and Earl and the Dying Girl,2015,105 min,"Comedy, Drama",7.7,74,Alfonso Gomez-Rejon
Birdman or (The Unexpected Virtue of Ignorance),2014,119 min,"Comedy, Drama",7.7,87,Alejandro G. Inarritu
La vie d'Adele,2013,180 min,"Drama, Romance",7.7,89,Abdellatif Kechiche
Kai po che!,2013,130 min,"Drama, Sport",7.7,40,Abhishek Kapoor
The Broken Circle Breakdown,2012,111 min,"Drama, Music, Romance",7.7,70,Felix van Groeningen
Captain America: The Winter Soldier,2014,136 min,"Action, Adventure, Sci-Fi",7.7,70,Anthony Russo
Rockstar,2011,159 min,"Drama, Music, Musical",7.7,,Imtiaz Ali
Nebraska,2013,115 min,"Adventure, Comedy, Drama",7.7,87,Alexander Payne
Wreck-It Ralph,2012,101 min,"Animation, Adventure, Comedy",7.7,72,Rich Moore
Le Petit Prince,2015,108 min,"Animation, Adventure, Drama",7.7,70,Mark Osborne
Detachment,2011,98 min,Drama,7.7,52,Tony Kaye
Midnight in Paris,2011,96 min,"Comedy, Fantasy, Romance",7.7,81,Woody Allen
The Lego Movie,2014,100 min,"Animation, Action, Adventure",7.7,83,Christopher Miller
Gravity,2013,91 min,"Drama, Sci-Fi, Thriller",7.7,96,Alfonso Cuaron
Star Trek Into Darkness,2013,132 min,"Action, Adventure, Sci-Fi",7.7,72,J.J. Abrams
Beasts of No Nation,2015,137 min,"Drama, War",7.7,79,Cary Joji Fukunaga
The Social Network,2010,120 min,"Biography, Drama",7.7,95,David Fincher
X: First Class,2011,131 min,"Action, Adventure, Sci-Fi",7.7,65,Matthew Vaughn
The Hangover,2009,100 min,Comedy,7.7,73,Todd Phillips
Skyfall,2012,143 min,"Action, Adventure, Thriller",7.7,81,Sam Mendes
Silver Linings Playbook,2012,122 min,"Comedy, Drama, Romance",7.7,81,David O. Russell
Argo,2012,120 min,"Biography, Drama, Thriller",7.7,86,Ben Affleck
(500) Days of Summer,2009,95 min,"Comedy, Drama, Romance",7.7,76,Marc Webb
Harry Potter and the Deathly Hallows: Part 1,2010,146 min,"Adventure, Family, Fantasy",7.7,65,David Yates
Gake no ue no Ponyo,2008,101 min,"Animation, Adventure, Comedy",7.7,86,Hayao Miyazaki
Frost/Nixon,2008,122 min,"Biography, Drama, History",7.7,80,Ron Howard
Papurika,2006,90 min,"Animation, Drama, Fantasy",7.7,81,Satoshi Kon
Changeling,2008,141 min,"Biography, Crime, Drama",7.7,63,Clint Eastwood
Flipped,2010,90 min,"Comedy, Drama, Romance",7.7,45,Rob Reiner
Toki o kakeru shojo,2006,98 min,"Animation, Adventure, Comedy",7.7,,Mamoru Hosoda
Death Note: Desu noto,2006,126 min,"Crime, Drama, Fantasy",7.7,,Shusuke Kaneko
This Is England,2006,101 min,"Crime, Drama",7.7,86,Shane Meadows
Ex Machina,2014,108 min,"Drama, Sci-Fi, Thriller",7.7,78,Alex Garland
Efter brylluppet,2006,120 min,Drama,7.7,78,Susanne Bier
The Last King of Scotland,2006,123 min,"Biography, Drama, History",7.7,74,Kevin Macdonald
Zodiac,2007,157 min,"Crime, Drama, Mystery",7.7,78,David Fincher
Lucky Number Slevin,2006,110 min,"Action, Crime, Drama",7.7,53,Paul McGuigan
Joyeux Noel,2005,116 min,"Drama, History, Music",7.7,70,Christian Carion
Control,2007,122 min,"Biography, Drama, Music",7.7,78,Anton Corbijn
Tangled,2010,100 min,"Animation, Adventure, Comedy",7.7,71,Nathan Greno
Zwartboek,2006,145 min,"Drama, Thriller, War",7.7,71,Paul Verhoeven
Brokeback Mountain,2005,134 min,"Drama, Romance",7.7,87,Ang Lee
3:10 to Yuma,2007,122 min,"Action, Crime, Drama",7.7,76,James Mangold
Crash,2004,112 min,"Crime, Drama, Thriller",7.7,66,Paul Haggis
Kung fu,2004,99 min,"Action, Comedy, Fantasy",7.7,78,Stephen Chow
The Bourne Supremacy,2004,108 min,"Action, Mystery, Thriller",7.7,73,Paul Greengrass
The Machinist,2004,101 min,"Drama, Thriller",7.7,61,Brad Anderson
Ray,2004,152 min,"Biography, Drama, Music",7.7,73,Taylor Hackford
Lost in Translation,2003,102 min,"Comedy, Drama",7.7,89,Sofia Coppola
Harry Potter and the Goblet of Fire,2005,157 min,"Adventure, Family, Fantasy",7.7,81,Mike Newell
Man on Fire,2004,146 min,"Action, Crime, Drama",7.7,47,Tony Scott
Coraline,2009,100 min,"Animation, Drama, Family",7.7,80,Henry Selick
The Last Samurai,2003,154 min,"Action, Drama",7.7,55,Edward Zwick
The Magdalene Sisters,2002,114 min,Drama,7.7,83,Peter Mullan
Good Bye Lenin!,2003,121 min,"Comedy, Drama, Romance",7.7,68,Wolfgang Becker
In America,2002,105 min,Drama,7.7,76,Jim Sheridan
I Am Sam,2001,132 min,Drama,7.7,28,Jessie Nelson
Adaptation.,2002,115 min,"Comedy, Drama",7.7,83,Spike Jonze
Black Hawk Down,2001,144 min,"Drama, History, War",7.7,74,Ridley Scott
Road to Perdition,2002,117 min,"Crime, Drama, Thriller",7.7,72,Sam Mendes
Das Experiment,2001,120 min,"Drama, Thriller",7.7,60,Oliver Hirschbiegel
Billy Elliot,2000,110 min,"Drama, Music",7.7,74,Stephen Daldry
Hedwig and the Angry Inch,2001,95 min,"Comedy, Drama, Music",7.7,85,John Cameron Mitchell
Ocean's Eleven,2001,116 min,"Crime, Thriller",7.7,74,Steven Soderbergh
Vampire Hunter D: Bloodlust,2000,103 min,"Animation, Action, Fantasy",7.7,62,Yoshiaki Kawajiri
"O Brother, Where Art Thou?",2000,107 min,"Adventure, Comedy, Crime",7.7,69,Joel Coen
Interstate 60: Episodes of the Road,2002,116 min,"Adventure, Comedy, Drama",7.7,,Bob Gale
"South Park: Bigger, Longer & Uncut",1999,81 min,"Animation, Comedy, Fantasy",7.7,73,Trey Parker
Office Space,1999,89 min,Comedy,7.7,68,Mike Judge
Happiness,1998,134 min,"Comedy, Drama",7.7,81,Todd Solondz
Training Day,2001,122 min,"Crime, Drama, Thriller",7.7,69,Antoine Fuqua
Rushmore,1998,93 min,"Comedy, Drama, Romance",7.7,86,Wes Anderson
Abre los ojos,1997,119 min,"Drama, Mystery, Sci-Fi",7.7,,Alejandro Amenabar
Being John Malkovich,1999,113 min,"Comedy, Drama, Fantasy",7.7,90,Spike Jonze
As Good as It Gets,1997,139 min,"Comedy, Drama, Romance",7.7,67,James L. Brooks
The Fifth Element,1997,126 min,"Action, Adventure, Sci-Fi",7.7,52,Luc Besson
Le diner de cons,1998,80 min,Comedy,7.7,73,Francis Veber
Donnie Brasco,1997,127 min,"Biography, Crime, Drama",7.7,76,Mike Newell
Shine,1996,105 min,"Biography, Drama, Music",7.7,87,Scott Hicks
Primal Fear,1996,129 min,"Crime, Drama, Mystery",7.7,47,Gregory Hoblit
Hamlet,1996,242 min,Drama,7.7,,Kenneth Branagh
A Little Princess,1995,97 min,"Drama, Family, Fantasy",7.7,83,Alfonso Cuaron
Do lok tin si,1995,99 min,"Comedy, Crime, Drama",7.7,71,Kar-Wai Wong
Il postino,1994,108 min,"Biography, Comedy, Drama",7.7,81,Michael Radford
Clerks,1994,92 min,Comedy,7.7,70,Kevin Smith
Short Cuts,1993,188 min,"Comedy, Drama",7.7,79,Robert Altman
Philadelphia,1993,125 min,Drama,7.7,66,Jonathan Demme
The Muppet Christmas Carol,1992,85 min,"Comedy, Drama, Family",7.7,64,Brian Henson
Malcolm X,1992,202 min,"Biography, Drama, History",7.7,73,Spike Lee
The Last of the Mohicans,1992,112 min,"Action, Adventure, Drama",7.7,76,Michael Mann
Kurenai no buta,1992,94 min,"Animation, Adventure, Comedy",7.7,83,Hayao Miyazaki
Glengarry Glen Ross,1992,100 min,"Crime, Drama, Mystery",7.7,82,James Foley
A Few Good Men,1992,138 min,"Drama, Thriller",7.7,62,Rob Reiner
Fried Green Tomatoes,1991,130 min,Drama,7.7,64,Jon Avnet
Barton Fink,1991,116 min,"Comedy, Drama, Thriller",7.7,69,Joel Coen
Miller's Crossing,1990,115 min,"Crime, Drama, Thriller",7.7,66,Joel Coen
Who Framed Roger Rabbit,1988,104 min,"Animation, Adventure, Comedy",7.7,83,Robert Zemeckis
Spoorloos,1988,107 min,"Mystery, Thriller",7.7,,George Sluizer
Withnail & I,1987,107 min,"Comedy, Drama",7.7,84,Bruce Robinson
The Last Emperor,1987,163 min,"Biography, Drama, History",7.7,76,Bernardo Bertolucci
Empire of the Sun,1987,153 min,"Action, Drama, History",7.7,62,Steven Spielberg
Der Name der Rose,1986,130 min,"Crime, Drama, Mystery",7.7,54,Jean-Jacques Annaud
Blue Velvet,1986,120 min,"Drama, Mystery, Thriller",7.7,76,David Lynch
The Purple Rose of Cairo,1985,82 min,"Comedy, Fantasy, Romance",7.7,75,Woody Allen
After Hours,1985,97 min,"Comedy, Crime, Drama",7.7,90,Martin Scorsese
Zelig,1983,79 min,Comedy,7.7,,Woody Allen
The Verdict,1982,129 min,Drama,7.7,77,Sidney Lumet
Star Trek II: The Wrath of Khan,1982,113 min,"Action, Adventure, Sci-Fi",7.7,67,Nicholas Meyer
First Blood,1982,93 min,"Action, Adventure",7.7,61,Ted Kotcheff
Ordinary People,1980,124 min,Drama,7.7,86,Robert Redford
Airplane!,1980,88 min,Comedy,7.7,78,Jim Abrahams
Rupan sansei: Kariosutoro no shiro,1979,100 min,"Animation, Adventure, Family",7.7,71,Hayao Miyazaki
Halloween,1978,91 min,"Horror, Thriller",7.7,87,John Carpenter
Le locataire,1976,126 min,"Drama, Thriller",7.7,71,Roman Polanski
Love and Death,1975,85 min,"Comedy, War",7.7,89,Woody Allen
The Taking of Pelham One Two Three,1974,104 min,"Action, Crime, Thriller",7.7,68,Joseph Sargent
Blazing Saddles,1974,93 min,"Comedy, Western",7.7,73,Mel Brooks
Serpico,1973,130 min,"Biography, Crime, Drama",7.7,87,Sidney Lumet
Enter the Dragon,1973,102 min,"Action, Crime, Drama",7.7,83,Robert Clouse
Deliverance,1972,109 min,"Adventure, Drama, Thriller",7.7,80,John Boorman
The French Connection,1971,104 min,"Action, Crime, Drama",7.7,94,William Friedkin
Dirty Harry,1971,102 min,"Action, Crime, Thriller",7.7,90,Don Siegel
Where Eagles Dare,1968,158 min,"Action, Adventure, War",7.7,63,Brian G. Hutton
The Odd Couple,1968,105 min,Comedy,7.7,86,Gene Saks
The Dirty Dozen,1967,150 min,"Action, Adventure, War",7.7,73,Robert Aldrich
Belle de jour,1967,100 min,"Drama, Romance",7.7,,Luis Bunuel
A Man for All Seasons,1966,120 min,"Biography, Drama, History",7.7,72,Fred Zinnemann
Repulsion,1965,105 min,"Drama, Horror, Thriller",7.7,91,Roman Polanski
Zulu,1964,138 min,"Drama, History, War",7.7,77,Cy Endfield
Goldfinger,1964,110 min,"Action, Adventure, Thriller",7.7,87,Guy Hamilton
The Birds,1963,119 min,"Drama, Horror, Mystery",7.7,90,Alfred Hitchcock
Cape Fear,1962,106 min,"Drama, Thriller",7.7,76,J. Lee Thompson
Peeping Tom,1960,101 min,"Drama, Horror, Thriller",7.7,,Michael Powell
The Magnificent Seven,1960,128 min,"Action, Adventure, Western",7.7,74,John Sturges
Les yeux sans visage,1960,90 min,"Drama, Horror",7.7,90,Georges Franju
Invasion of the Body Snatchers,1956,80 min,"Drama, Horror, Sci-Fi",7.7,92,Don Siegel
Rebel Without a Cause,1955,111 min,Drama,7.7,89,Nicholas Ray
The Ladykillers,1955,91 min,"Comedy, Crime",7.7,91,Alexander Mackendrick
Sabrina,1954,113 min,"Comedy, Drama, Romance",7.7,72,Billy Wilder
The Quiet Man,1952,129 min,"Comedy, Drama, Romance",7.7,,John Ford
The Day the Earth Stood Still,1951,92 min,"Drama, Sci-Fi",7.7,,Robert Wise
The African Queen,1951,105 min,"Adventure, Drama, Romance",7.7,91,John Huston
Gilda,1946,110 min,"Drama, Film-Noir, Romance",7.7,,Charles Vidor
Fantasia,1940,125 min,"Animation, Family, Fantasy",7.7,96,James Algar
The Invisible Man,1933,71 min,"Horror, Sci-Fi",7.7,87,James Whale
Dark Waters,2019,126 min,"Biography, Drama, History",7.6,73,Todd Haynes
Searching,2018,102 min,"Drama, Mystery, Thriller",7.6,71,Aneesh Chaganty
Once Upon a Time... in Hollywood,2019,161 min,"Comedy, Drama",7.6,83,Quentin Tarantino
Nelyubov,2017,127 min,Drama,7.6,86,Andrey Zvyagintsev
The Florida Project,2017,111 min,Drama,7.6,92,Sean Baker
Just Mercy,2019,137 min,"Biography, Crime, Drama",7.6,68,Destin Daniel Cretton
Gifted,2017,101 min,Drama,7.6,60,Marc Webb
The Peanut Butter Falcon,2019,97 min,"Adventure, Comedy, Drama",7.6,70,Tyler Nilson
Victoria,2015,138 min,"Crime, Drama, Romance",7.6,77,Sebastian Schipper
Mustang,2015,97 min,Drama,7.6,83,Deniz Gamze Erguven
Guardians of the Galaxy Vol. 2,2017,136 min,"Action, Adventure, Comedy",7.6,67,James Gunn
Baby Driver,2017,113 min,"Action, Crime, Drama",7.6,86,Edgar Wright
Only the Brave,2017,134 min,"Action, Biography, Drama",7.6,72,Joseph Kosinski
Bridge of Spies,2015,142 min,"Drama, History, Thriller",7.6,81,Steven Spielberg
Incredibles 2,2018,118 min,"Animation, Action, Adventure",7.6,80,Brad Bird
Moana,2016,107 min,"Animation, Adventure, Comedy",7.6,81,Ron Clements
Sicario,2015,121 min,"Action, Crime, Drama",7.6,82,Denis Villeneuve
Creed,2015,133 min,"Drama, Sport",7.6,82,Ryan Coogler
Leviafan,2014,140 min,"Crime, Drama",7.6,92,Andrey Zvyagintsev
Hell or High Water,2016,102 min,"Action, Crime, Drama",7.6,88,David Mackenzie
Philomena,2013,98 min,"Biography, Comedy, Drama",7.6,77,Stephen Frears
Dawn of the Planet of the Apes,2014,130 min,"Action, Adventure, Drama",7.6,79,Matt Reeves
El cuerpo,2012,112 min,"Mystery, Thriller",7.6,,Oriol Paulo
Serbuan maut,2011,101 min,"Action, Thriller",7.6,73,Gareth Evans
End of Watch,2012,109 min,"Action, Crime, Drama",7.6,68,David Ayer
Kari-gurashi no Arietti,2010,94 min,"Animation, Adventure, Family",7.6,80,Hiromasa Yonebayashi
A Star Is Born,2018,136 min,"Drama, Music, Romance",7.6,88,Bradley Cooper
True Grit,2010,110 min,"Drama, Western",7.6,80,Ethan Coen
Havnen,2010,118 min,"Drama, Romance",7.6,65,Susanne Bier
Despicable Me,2010,95 min,"Animation, Comedy, Crime",7.6,72,Pierre Coffin
50/50,2011,100 min,"Comedy, Drama, Romance",7.6,72,Jonathan Levine
Kick-Ass,2010,117 min,"Action, Comedy, Crime",7.6,66,Matthew Vaughn
Celda 211,2009,113 min,"Action, Adventure, Crime",7.6,,Daniel Monzon
Moneyball,2011,133 min,"Biography, Drama, Sport",7.6,87,Bennett Miller
La piel que habito,2011,120 min,"Drama, Horror, Thriller",7.6,70,Pedro Almodovar
Zombieland,2009,88 min,"Adventure, Comedy, Fantasy",7.6,73,Ruben Fleischer
Die Welle,2008,107 min,"Drama, Thriller",7.6,,Dennis Gansel
Sherlock Holmes,2009,128 min,"Action, Adventure, Mystery",7.6,57,Guy Ritchie
The Blind Side,2009,129 min,"Biography, Drama, Sport",7.6,53,John Lee Hancock
The Visitor,2007,104 min,Drama,7.6,79,Tom McCarthy
Seven Pounds,2008,123 min,Drama,7.6,36,Gabriele Muccino
Eastern Promises,2007,100 min,"Action, Crime, Drama",7.6,82,David Cronenberg
Stardust,2007,127 min,"Adventure, Family, Fantasy",7.6,66,Matthew Vaughn
The Secret of Kells,2009,71 min,"Animation, Adventure, Family",7.6,81,Tomm Moore
Inside Man,2006,129 min,"Crime, Drama, Mystery",7.6,76,Spike Lee
Gone Baby Gone,2007,114 min,"Crime, Drama, Mystery",7.6,72,Ben Affleck
La Vie En Rose,2007,140 min,"Biography, Drama, Music",7.6,66,Olivier Dahan
Huo Yuan Jia,2006,104 min,"Action, Biography, Drama",7.6,70,Ronny Yu
The Illusionist,2006,110 min,"Drama, Fantasy, Mystery",7.6,68,Neil Burger
Dead Man's Shoes,2004,90 min,"Crime, Drama, Thriller",7.6,52,Shane Meadows
Harry Potter and the Half-Blood Prince,2009,153 min,"Action, Adventure, Family",7.6,78,David Yates
300,2006,117 min,"Action, Drama",7.6,52,Zack Snyder
Match Point,2005,124 min,"Drama, Romance, Thriller",7.6,72,Woody Allen
Watchmen,2009,162 min,"Action, Drama, Mystery",7.6,56,Zack Snyder
Lord of War,2005,122 min,"Action, Crime, Drama",7.6,62,Andrew Niccol
Saw,2004,103 min,"Horror, Mystery, Thriller",7.6,46,James Wan
"Synecdoche, New York",2008,124 min,Drama,7.6,67,Charlie Kaufman
Mysterious Skin,2004,105 min,Drama,7.6,73,Gregg Araki
Jeux d'enfants,2003,93 min,"Comedy, Drama, Romance",7.6,45,Yann Samuell
Un long dimanche de fiancailles,2004,133 min,"Drama, Mystery, Romance",7.6,76,Jean-Pierre Jeunet
The Station Agent,2003,89 min,"Comedy, Drama",7.6,81,Tom McCarthy
21 Grams,2003,124 min,"Crime, Drama, Thriller",7.6,70,Alejandro G. Inarritu
Boksuneun naui geot,2002,129 min,"Crime, Drama, Thriller",7.6,56,Chan-wook Park
Finding Neverland,2004,106 min,"Biography, Drama, Family",7.6,67,Marc Forster
25th Hour,2002,135 min,Drama,7.6,68,Spike Lee
The Butterfly Effect,2004,113 min,"Drama, Sci-Fi, Thriller",7.6,30,Eric Bress
28 Days Later...,2002,113 min,"Drama, Horror, Sci-Fi",7.6,73,Danny Boyle
Batoru rowaiaru,2000,114 min,"Action, Adventure, Drama",7.6,81,Kinji Fukasaku
The Royal Tenenbaums,2001,110 min,"Comedy, Drama",7.6,76,Wes Anderson
Y tu mama tambien,2001,106 min,Drama,7.6,88,Alfonso Cuaron
Harry Potter and the Sorcerer's Stone,2001,152 min,"Adventure, Family, Fantasy",7.6,64,Chris Columbus
The Others,2001,101 min,"Horror, Mystery, Thriller",7.6,74,Alejandro Amenabar
Blow,2001,124 min,"Biography, Crime, Drama",7.6,52,Ted Demme
Enemy at the Gates,2001,131 min,"Drama, History, War",7.6,53,Jean-Jacques Annaud
Minority Report,2002,145 min,"Action, Crime, Mystery",7.6,80,Steven Spielberg
The Hurricane,1999,146 min,"Biography, Drama, Sport",7.6,74,Norman Jewison
American Psycho,2000,101 min,"Comedy, Crime, Drama",7.6,64,Mary Harron
Lola rennt,1998,81 min,"Crime, Drama, Thriller",7.6,77,Tom Tykwer
The Thin Red Line,1998,170 min,"Drama, War",7.6,78,Terrence Malick
Mulan,1998,88 min,"Animation, Adventure, Family",7.6,71,Tony Bancroft
Fear and Loathing in Las Vegas,1998,118 min,"Adventure, Comedy, Drama",7.6,41,Terry Gilliam
Funny Games,1997,108 min,"Crime, Drama, Thriller",7.6,69,Michael Haneke
Dark City,1998,100 min,"Mystery, Sci-Fi, Thriller",7.6,66,Alex Proyas
Sleepers,1996,147 min,"Crime, Drama, Thriller",7.6,49,Barry Levinson
Lost Highway,1997,134 min,"Mystery, Thriller",7.6,52,David Lynch
Sense and Sensibility,1995,136 min,"Drama, Romance",7.6,84,Ang Lee
Die Hard: With a Vengeance,1995,128 min,"Action, Adventure, Thriller",7.6,58,John McTiernan
Dead Man,1995,121 min,"Adventure, Drama, Fantasy",7.6,62,Jim Jarmusch
The Bridges of Madison County,1995,135 min,"Drama, Romance",7.6,69,Clint Eastwood
Apollo 13,1995,140 min,"Adventure, Drama, History",7.6,77,Ron Howard
Trois couleurs: Blanc,1994,92 min,"Comedy, Drama, Romance",7.6,88,Krzysztof Kieslowski
Falling Down,1993,113 min,"Action, Crime, Drama",7.6,56,Joel Schumacher
Dazed and Confused,1993,102 min,Comedy,7.6,78,Richard Linklater
My Cousin Vinny,1992,120 min,"Comedy, Crime",7.6,68,Jonathan Lynn
Omohide poro poro,1991,118 min,"Animation, Drama, Romance",7.6,90,Isao Takahata
Delicatessen,1991,99 min,"Comedy, Crime",7.6,66,Marc Caro
Home Alone,1990,103 min,"Comedy, Family",7.6,63,Chris Columbus
The Godfather: Part III,1990,162 min,"Crime, Drama",7.6,60,Francis Ford Coppola
When Harry Met Sally...,1989,95 min,"Comedy, Drama, Romance",7.6,76,Rob Reiner
The Little Mermaid,1989,83 min,"Animation, Family, Fantasy",7.6,88,Ron Clements
The Naked Gun: From the Files of Police Squad!,1988,85 min,"Comedy, Crime",7.6,76,David Zucker
"Planes, Trains & Automobiles",1987,93 min,"Comedy, Drama",7.6,72,John Hughes
Lethal Weapon,1987,109 min,"Action, Crime, Thriller",7.6,68,Richard Donner
Blood Simple,1984,99 min,"Crime, Drama, Thriller",7.6,82,Joel Coen
On Golden Pond,1981,109 min,Drama,7.6,68,Mark Rydell
Mad Max 2,1981,96 min,"Action, Adventure, Sci-Fi",7.6,77,George Miller
The Warriors,1979,92 min,"Action, Crime, Thriller",7.6,65,Walter Hill
The Muppet Movie,1979,95 min,"Adventure, Comedy, Family",7.6,74,James Frawley
Escape from Alcatraz,1979,112 min,"Action, Biography, Crime",7.6,76,Don Siegel
Watership Down,1978,91 min,"Animation, Adventure, Drama",7.6,64,Martin Rosen
Midnight Express,1978,121 min,"Biography, Crime, Drama",7.6,59,Alan Parker
Close Encounters of the Third Kind,1977,138 min,"Drama, Sci-Fi",7.6,90,Steven Spielberg
The Long Goodbye,1973,112 min,"Comedy, Crime, Drama",7.6,87,Robert Altman
Giu la testa,1971,157 min,"Drama, War, Western",7.6,77,Sergio Leone
Kelly's Heroes,1970,144 min,"Adventure, Comedy, War",7.6,50,Brian G. Hutton
The Jungle Book,1967,78 min,"Animation, Adventure, Family",7.6,65,Wolfgang Reitherman
Blowup,1966,111 min,"Drama, Mystery, Thriller",7.6,82,Michelangelo Antonioni
A Hard Day's Night,1964,87 min,"Comedy, Music, Musical",7.6,96,Richard Lester
Breakfast at Tiffany's,1961,115 min,"Comedy, Drama, Romance",7.6,76,Blake Edwards
Giant,1956,201 min,"Drama, Western",7.6,84,George Stevens
From Here to Eternity,1953,118 min,"Drama, Romance, War",7.6,85,Fred Zinnemann
Lifeboat,1944,97 min,"Drama, War",7.6,78,Alfred Hitchcock
The 39 Steps,1935,86 min,"Crime, Mystery, Thriller",7.6,93,Alfred Hitchcock
